<?xml version="1.0" encoding="UTF-8" ?>

<!DOCTYPE mapper PUBLIC "-//ibatis.apache.org//DTD Mapper 3.0//EN"
        "http://ibatis.apache.org/dtd/ibatis-3-mapper.dtd">
<mapper namespace="com.student.auth.mapper.RoleMapper">
    <!--    过滤条件-->
    <sql id="whereSql">
        <where>
            <if test="name!=null and name !=''">
                and name like concat('%',#{name},'%')
            </if>


        </where>
    </sql>

    <!--    查询角色总数-->
    <select id="queryTotal" parameterType="roleQuery" resultType="java.lang.Long">
        select count(*) from t_role
        <include refid="whereSql"/>
    </select>
    <!--    分页的数据-->
    <select id="queryData" parameterType="roleQuery" resultMap="roleMap">
        select * from t_role
        <include refid="whereSql"/>
        limit #{offset},#{page}
    </select>
    <resultMap id="roleMap" type="Role">
        <id property="id" column="id" ></id>
        <collection property="permissions" column="id" select="getPermissionByRoleId"></collection>
    </resultMap>

    <select id="getPermissionByRoleId" parameterType="java.lang.Long" resultType="Permission">
       select p.*
       from t_role_permission rp
       join t_permission p on rp.permissionid=p.id
       where rp.roleid=#{id}
    </select>

</mapper>