<?xml version="1.0" encoding="UTF-8" ?>

<!DOCTYPE mapper PUBLIC "-//ibatis.apache.org//DTD Mapper 3.0//EN"
        "http://ibatis.apache.org/dtd/ibatis-3-mapper.dtd">
<mapper namespace="com.student.auth.mapper.StuQuestionRecordsMapper"><!--namespace命名空间-->

    <!--传过来的参数类型是ScoreDetail实体类，因为用该实体类封装了前台传过来的两个参数paperid.stuid.
    resultMap="paperDetailMap"在这里这个名字可以随意，在做结果映射时必须写为StuPaperQuestion 即type="StuPaperQuestion"-->

     <select id="queryPaperDetail" parameterType="ScoreDetail" resultMap="paperDetailMap">
            SELECT
            p.id, p. NAME,es.questionId,es.questionTitle,es.questionAnswer stuAnswer,es.questionScore grade,es.q_typeid,
            es.correntAnswer,es.correntScore,
            op.id opid,op.optionA,op.optionB,op.optionC,op.optionD,op.questionId opQuestionid
            FROM
                exam_paper p
            JOIN exam_scoredetail es ON p.id = es.paperId
            LEFT JOIN exam_xzt_options op ON op.questionId = es.questionId
            WHERE
                p.id = #{paperId}
            AND es.stuId = #{stuId}
            ORDER BY
                es.q_typeid
   </select>

    <!--做一个结果映射，即返回值类型   private List<StuQuestionQueryVO> stuQuestionsList = new ArrayList();
    collection标签来封装集合（集合为一对多的关系 ）要嵌套，javaType为<StuQuestionQueryVO>-->
    <resultMap id="paperDetailMap" type="StuPaperQuestion">
        <id column="id" property="id"></id>
        <result column="name" property="name"></result>
        <collection property="stuQuestionsList" javaType="StuQuestionQueryVO">
            <id column="questionId" property="questionId"></id>
            <result column="questionTitle" property="questionTitle"></result>
            <result column="stuAnswer" property="stuAnswer"></result>
            <result column="grade" property="grade"></result>
            <result column="q_typeid" property="q_typeid"></result>
            <result column="correntAnswer" property="correntAnswer"></result>
            <result column="correntScore" property="correntScore"></result>
            <!--association一对一关系中association  ，StuQuestionQueryVO里面有对象questionXztOptions，要嵌套第二层-->
            <association property="questionXztOptions" javaType="QuestionXztOptions">
                <id column="opid" property="id"></id>
                <result column="optionA" property="optionA"></result>
                <result column="optionB" property="optionB"></result>
                <result column="optionC" property="optionC"></result>
                <result column="optionD" property="optionD"></result>
                <result column="opQuestionid" property="questionId"></result>
            </association>
        </collection>
    </resultMap>

</mapper>

